user_id,role
user_000,it
user_001,it
user_002,staff
user_003,staff
user_004,it
user_005,finance
user_006,finance
user_007,staff
user_008,it
user_009,manager
user_010,finance
user_011,finance
user_012,staff
user_013,occasional
user_014,occasional
user_015,staff
user_016,staff
user_017,staff
user_018,finance
user_019,staff
user_020,it
user_021,staff
user_022,staff
user_023,it
user_024,staff
user_025,occasional
user_026,manager
user_027,finance
user_028,it
user_029,occasional
user_030,finance
user_031,staff
user_032,staff
user_033,staff
user_034,it
user_035,staff
user_036,finance
user_037,staff
user_038,staff
user_039,finance
user_040,staff
user_041,staff
user_042,staff
user_043,staff
user_044,it
user_045,finance
user_046,staff
user_047,manager
user_048,occasional
user_049,it
