session_id,priority,user_id,start_time,suspicion_score,city,device_id,reasons
test_000391,HIGH,user_021,2026-09-04 02:10:33.999745,0.7715583046585337,Moscow,dev_new_test_000391,"RAPID_FAILED_LOGINS, SENSITIVE_PAGES, NEW_CITY, NEW_DEVICE, UNUSUAL_HOUR, PASSWORD_CHANGED"
test_000616,HIGH,user_036,2026-09-08 02:19:20.931468,0.7697782943271262,San Jose,dev_new_test_000616,"RAPID_FAILED_LOGINS, NEW_PAGES_FOR_USER, SENSITIVE_PAGES, NEW_DEVICE, UNUSUAL_HOUR, PASSWORD_CHANGED"
test_000488,HIGH,user_009,2026-09-07 03:24:26.348180,0.7617259095770489,Frankfurt,dev_new_test_000488,"NEW_PAGES_FOR_USER, SENSITIVE_PAGES, NEW_CITY, NEW_DEVICE, UNUSUAL_HOUR"
test_000426,HIGH,user_042,2026-09-04 00:58:30.584563,0.760611709900956,Frankfurt,dev_new_test_000426,"NEW_PAGES_FOR_USER, SENSITIVE_PAGES, NEW_CITY, NEW_DEVICE, UNUSUAL_HOUR"
test_000555,HIGH,user_000,2026-09-08 03:23:45.381168,0.7535496635571691,Sacramento,dev_new_test_000555,"RAPID_FAILED_LOGINS, NEW_PAGES_FOR_USER, SENSITIVE_PAGES, NEW_DEVICE, UNUSUAL_HOUR, PASSWORD_CHANGED"
test_000612,HIGH,user_034,2026-09-08 00:59:16.264997,0.7468630194063172,Frankfurt,dev_034,"MUCH_FASTER_THAN_USUAL, HEAVY_DOWNLOADS, NEW_PAGES_FOR_USER, SENSITIVE_PAGES, NEW_CITY, UNUSUAL_HOUR"
test_000003,HIGH,user_000,2026-08-31 16:15:57.834548,0.7354996680094479,Singapore,dev_new_test_000003,"NEW_PAGES_FOR_USER, SENSITIVE_PAGES, NEW_CITY, NEW_DEVICE, UNUSUAL_HOUR"
test_000168,HIGH,user_047,2026-09-01 05:49:49.437917,0.7141286576078699,Frankfurt,dev_new_test_000168,"NEW_PAGES_FOR_USER, SENSITIVE_PAGES, NEW_CITY, NEW_DEVICE"
test_000415,HIGH,user_036,2026-09-04 08:59:17.853481,0.7034330844453619,San Jose,dev_new_test_000415,"NEW_PAGES_FOR_USER, SENSITIVE_PAGES, NEW_DEVICE"
test_000672,HIGH,user_018,2026-09-09 17:42:04.136933,0.6823271433716852,Sacramento,dev_018_remote,"MUCH_FASTER_THAN_USUAL, HEAVY_DOWNLOADS, SENSITIVE_PAGES, NEW_CITY, NEW_DEVICE"
test_000613,HIGH,user_035,2026-09-08 02:32:57.226040,0.6798679061640954,Amsterdam,dev_035,"NEW_PAGES_FOR_USER, SENSITIVE_PAGES, NEW_CITY, UNUSUAL_HOUR"
test_000825,HIGH,user_006,2026-09-11 04:49:15.639126,0.6776637512640422,Frankfurt,dev_new_test_000825,"MUCH_FASTER_THAN_USUAL, HEAVY_DOWNLOADS, SENSITIVE_PAGES, NEW_DEVICE, UNUSUAL_HOUR"
test_000210,HIGH,user_018,2026-09-02 11:05:24.781837,0.6749504347047153,Daly City,dev_018,"MUCH_FASTER_THAN_USUAL, HEAVY_DOWNLOADS, NEW_PAGES_FOR_USER, SENSITIVE_PAGES, PASSWORD_CHANGED"
test_000507,HIGH,user_018,2026-09-07 16:53:03.502574,0.6729423763636997,Sacramento,dev_018_remote,"MUCH_FASTER_THAN_USUAL, HEAVY_DOWNLOADS, SENSITIVE_PAGES, NEW_CITY, NEW_DEVICE"
test_000848,HIGH,user_018,2026-09-11 12:49:33.631505,0.6717467177814004,Sacramento,dev_018_remote,"MUCH_FASTER_THAN_USUAL, HEAVY_DOWNLOADS, SENSITIVE_PAGES, NEW_CITY, NEW_DEVICE"
test_000562,HIGH,user_002,2026-09-08 17:03:38.665363,0.6678986219862517,Oakland,dev_new_test_000562,"HEAVY_DOWNLOADS, NEW_PAGES_FOR_USER, SENSITIVE_PAGES, NEW_DEVICE, UNUSUAL_HOUR"
test_000714,HIGH,user_045,2026-09-09 08:10:16.037977,0.6675838707735496,Daly City,dev_045,"HEAVY_DOWNLOADS, NEW_PAGES_FOR_USER, SENSITIVE_PAGES, PASSWORD_CHANGED"
test_000317,HIGH,user_035,2026-09-03 04:46:26.398744,0.6657879192957034,Sacramento,dev_new_test_000317,"HEAVY_DOWNLOADS, NEW_PAGES_FOR_USER, SENSITIVE_PAGES, NEW_DEVICE, UNUSUAL_HOUR"
test_000588,MEDIUM,user_018,2026-09-08 22:07:18.129282,0.6988279601494073,Sacramento,dev_018_remote,"SENSITIVE_PAGES, NEW_CITY, NEW_DEVICE, UNUSUAL_HOUR"
test_000737,MEDIUM,user_007,2026-09-10 23:11:04.811334,0.6762041080120554,Sacramento,dev_007_remote,"NEW_CITY, NEW_DEVICE, UNUSUAL_HOUR"
test_000586,MEDIUM,user_018,2026-09-08 16:06:02.825444,0.6707159092598999,Sacramento,dev_018_remote,"SENSITIVE_PAGES, NEW_CITY, NEW_DEVICE"
test_000569,MEDIUM,user_007,2026-09-08 13:45:54.167283,0.6648609462650819,Sacramento,dev_007_remote,"NEW_CITY, NEW_DEVICE"
test_000738,MEDIUM,user_007,2026-09-10 23:30:00.000000,0.6632526917261736,Sacramento,dev_007_remote,"NEW_CITY, NEW_DEVICE, UNUSUAL_HOUR"
test_000236,MEDIUM,user_034,2026-09-02 23:14:36.653529,0.6609428765682956,Sacramento,dev_new_test_000236,"SENSITIVE_PAGES, NEW_CITY, NEW_DEVICE, UNUSUAL_HOUR"
test_000108,LOW,user_005,2026-09-01 09:30:40.537309,0.739709370003038,Sacramento,dev_005,"HUMAN_PACE_FAILED_LOGINS, HEAVY_DOWNLOADS, NEW_PAGES_FOR_USER, SENSITIVE_PAGES, PASSWORD_CHANGED"
test_000915,LOW,user_022,2026-09-13 22:59:28.137002,0.7322965580244731,Daly City,dev_022,"HUMAN_PACE_FAILED_LOGINS, NEW_PAGES_FOR_USER, SENSITIVE_PAGES, UNUSUAL_HOUR, PASSWORD_CHANGED"
test_000471,LOW,user_049,2026-09-06 09:28:22.592401,0.7006309580730331,Sacramento,dev_049,"HUMAN_PACE_FAILED_LOGINS, SENSITIVE_PAGES, PASSWORD_CHANGED"
test_000458,LOW,user_049,2026-09-05 08:04:37.120260,0.6904933607445056,Sacramento,dev_049,"HUMAN_PACE_FAILED_LOGINS, SENSITIVE_PAGES, PASSWORD_CHANGED"
test_000862,LOW,user_032,2026-09-11 10:08:18.459146,0.6834365490559714,Sacramento,dev_032,"HUMAN_PACE_FAILED_LOGINS, SENSITIVE_PAGES, PASSWORD_CHANGED"
test_000876,LOW,user_043,2026-09-11 10:58:14.144082,0.68060531830814,San Jose,dev_043,"HUMAN_PACE_FAILED_LOGINS, SENSITIVE_PAGES, PASSWORD_CHANGED"
test_000827,LOW,user_008,2026-09-11 09:05:21.732280,0.6783219946942775,Oakland,dev_008,"HUMAN_PACE_FAILED_LOGINS, SENSITIVE_PAGES, PASSWORD_CHANGED"
test_000008,LOW,user_003,2026-08-31 09:08:53.285311,0.674225984400459,San Jose,dev_003,"HUMAN_PACE_FAILED_LOGINS, SENSITIVE_PAGES, PASSWORD_CHANGED"
test_000889,LOW,user_047,2026-09-11 18:05:12.698775,0.6709789553568652,San Jose,dev_047,"HUMAN_PACE_FAILED_LOGINS, SENSITIVE_PAGES, UNUSUAL_HOUR, PASSWORD_CHANGED"
test_000504,LOW,user_017,2026-09-07 11:18:14.778076,0.6661370174995843,Sacramento,dev_017,"HUMAN_PACE_FAILED_LOGINS, SENSITIVE_PAGES, PASSWORD_CHANGED"
test_000148,LOW,user_034,2026-09-01 15:07:11.896534,0.6635700418401957,Oakland,dev_034,"HUMAN_PACE_FAILED_LOGINS, SENSITIVE_PAGES, PASSWORD_CHANGED"
